Frame,Time,Emotion,Score
0,21:32:37,Neutral,20
1,21:32:38,Neutral,20
2,21:32:38,Neutral,20
3,21:32:38,Neutral,20
4,21:32:38,Neutral,20
5,21:32:38,Neutral,20
6,21:32:38,Neutral,20
7,21:32:38,Neutral,20
8,21:32:38,Neutral,20
9,21:32:38,Neutral,20
10,21:32:38,Neutral,20
11,21:32:38,Neutral,20
12,21:32:38,Neutral,20
13,21:32:38,Angry,50
14,21:32:38,Angry,50
15,21:32:39,Angry,50
16,21:32:39,Angry,50
17,21:32:39,Angry,50
18,21:32:39,Angry,50
19,21:32:39,Angry,50
20,21:32:39,Angry,50
21,21:32:39,Angry,50
22,21:32:39,Angry,50
23,21:32:39,Angry,50
24,21:32:39,Angry,50
25,21:32:39,Angry,50
26,21:32:39,Angry,50
27,21:32:39,Angry,50
28,21:32:39,Angry,50
29,21:32:39,Angry,50
30,21:32:39,Angry,50
31,21:32:39,Angry,50
32,21:32:39,Angry,50
33,21:32:39,Angry,50
34,21:32:41,Angry,50
35,21:32:41,Angry,50
36,21:32:41,Neutral,20
37,21:32:41,Angry,50
38,21:32:41,Angry,50
39,21:32:41,Angry,50
40,21:32:41,Angry,50
41,21:32:41,Neutral,20
42,21:32:41,Neutral,20
43,21:32:41,Neutral,20
44,21:32:41,Neutral,20
45,21:32:41,Neutral,20
46,21:32:42,Happy,44
47,21:32:42,Happy,45
48,21:32:42,Neutral,20
49,21:32:42,Neutral,20
50,21:32:42,Neutral,20
51,21:32:42,Happy,43
52,21:32:42,Neutral,20
53,21:32:42,Neutral,20
54,21:32:42,Happy,42
55,21:32:42,Happy,45
56,21:32:42,Angry,50
57,21:32:42,Angry,50
58,21:32:42,Angry,50
59,21:32:42,Angry,50
60,21:32:42,Angry,50
61,21:32:42,Angry,50
62,21:32:42,Angry,50
63,21:32:43,Angry,50
64,21:32:43,Angry,50
65,21:32:43,Angry,50
66,21:32:43,Angry,50
67,21:32:43,Angry,50
68,21:32:43,Angry,50
69,21:32:43,Angry,50
70,21:32:43,Angry,50
71,21:32:43,Angry,50
72,21:32:43,Angry,50
73,21:32:43,Angry,50
74,21:32:43,Angry,50
75,21:32:43,Angry,50
76,21:32:43,Angry,50
77,21:32:43,Angry,50
78,21:32:43,Angry,50
79,21:32:44,Angry,50
80,21:32:44,Angry,50
81,21:32:44,Angry,50
82,21:32:44,Angry,50
83,21:32:44,Angry,50
84,21:32:44,Angry,50
85,21:32:44,Angry,50
86,21:32:44,Angry,50
87,21:32:44,Angry,50
88,21:32:44,Angry,50
89,21:32:44,Angry,50
90,21:32:44,Angry,50
91,21:32:44,Angry,50
92,21:32:44,Angry,50
93,21:32:44,Angry,50
94,21:32:44,Angry,50
95,21:32:45,Angry,50
96,21:32:45,Neutral,20
97,21:32:45,Happy,45
98,21:32:45,Neutral,20
99,21:32:45,Happy,42
100,21:32:45,Neutral,20
101,21:32:45,Happy,44
102,21:32:45,Neutral,20
103,21:32:45,Neutral,20
104,21:32:45,Neutral,20
105,21:32:45,Neutral,20
106,21:32:45,Happy,43
107,21:32:45,Happy,43
108,21:32:45,Neutral,20
109,21:32:45,Neutral,20
110,21:32:45,Neutral,20
111,21:32:46,Neutral,20
112,21:32:46,Neutral,20
113,21:32:46,Neutral,20
114,21:32:46,Happy,44
115,21:32:46,Neutral,20
116,21:32:46,Angry,50
117,21:32:46,Angry,50
118,21:32:46,Neutral,20
119,21:32:46,Happy,43
120,21:32:46,Neutral,20
121,21:32:46,Neutral,20
122,21:32:46,Angry,50
123,21:32:46,Neutral,20
124,21:32:46,Neutral,20
125,21:32:46,Neutral,20
126,21:32:46,Angry,50
127,21:32:46,Angry,50
128,21:32:46,Neutral,20
129,21:32:47,Neutral,20
130,21:32:47,Neutral,20
131,21:32:47,Happy,45
132,21:32:47,Neutral,20
133,21:32:47,Happy,44
134,21:32:47,Neutral,20
135,21:32:47,Neutral,20
136,21:32:47,Happy,45
137,21:32:47,Neutral,20
138,21:32:47,Angry,50
139,21:32:47,Angry,50
140,21:32:47,Neutral,20
141,21:32:47,Angry,50
142,21:32:47,Angry,50
143,21:32:47,Angry,50
144,21:32:47,Angry,50
145,21:32:47,Angry,50
146,21:32:48,Angry,50
147,21:32:48,Angry,50
148,21:32:48,Angry,50
149,21:32:48,Angry,50
150,21:32:48,Angry,50
151,21:32:48,Neutral,20
152,21:32:48,Angry,50
153,21:32:48,Happy,42
154,21:32:48,Neutral,20
155,21:32:48,Angry,50
156,21:32:48,Angry,50
157,21:32:48,Angry,50
158,21:32:48,Angry,50
159,21:32:48,Neutral,20
160,21:32:48,Happy,44
161,21:32:48,Angry,50
162,21:32:49,Angry,50
163,21:32:49,Angry,50
164,21:32:49,Angry,50
165,21:32:49,Angry,50
166,21:32:49,Angry,50
167,21:32:49,Angry,50
168,21:32:49,Angry,50
169,21:32:49,Angry,50
170,21:32:49,Angry,50
171,21:32:49,Angry,50
172,21:32:49,Angry,50
173,21:32:49,Angry,50
174,21:32:49,Angry,50
175,21:32:49,Angry,50
176,21:32:49,Angry,50
177,21:32:49,Angry,50
178,21:32:50,Angry,50
179,21:32:50,Angry,50
180,21:32:50,Angry,50
181,21:32:50,Angry,50
182,21:32:50,Angry,50
183,21:32:50,Angry,50
184,21:32:50,Angry,50
185,21:32:50,Neutral,20
186,21:32:50,Neutral,20
187,21:32:50,Neutral,20
188,21:32:50,Neutral,20
189,21:32:50,Angry,50
190,21:32:50,Angry,50
191,21:32:50,Angry,50
192,21:32:50,Happy,45
193,21:32:51,Happy,42
194,21:32:51,Neutral,20
195,21:32:51,Neutral,20
196,21:32:51,Neutral,20
197,21:32:51,Neutral,20
198,21:32:51,Neutral,20
199,21:32:51,Neutral,20
200,21:32:51,Neutral,20
201,21:32:51,Neutral,20
202,21:32:51,Neutral,20
203,21:32:51,Neutral,20
204,21:32:51,Neutral,20
205,21:32:51,Neutral,20
206,21:32:51,Neutral,20
207,21:32:51,Neutral,20
208,21:32:51,Neutral,20
209,21:32:52,Neutral,20
210,21:32:52,Neutral,20
211,21:32:52,Neutral,20
212,21:32:52,Neutral,20
213,21:32:52,Neutral,20
214,21:32:52,Neutral,20
215,21:32:52,Neutral,20
216,21:32:52,Neutral,20
217,21:32:52,Neutral,20
218,21:32:52,Neutral,20
219,21:32:52,Neutral,20
220,21:32:52,Neutral,20
221,21:32:52,Neutral,20
222,21:32:52,Neutral,20
223,21:32:52,Neutral,20
224,21:32:52,Neutral,20
225,21:32:52,Neutral,20
226,21:32:52,Neutral,20
227,21:32:52,Neutral,20
228,21:32:53,Neutral,20
229,21:32:53,Neutral,20
230,21:32:53,Neutral,20
231,21:32:53,Neutral,20
232,21:32:53,Neutral,20
233,21:32:53,Neutral,20
234,21:32:53,Neutral,20
235,21:32:53,Happy,43
236,21:32:53,Neutral,20
237,21:32:53,Neutral,20
238,21:32:53,Happy,44
239,21:32:53,Neutral,20
240,21:32:53,Happy,45
241,21:32:53,Neutral,20
242,21:32:53,Neutral,20
243,21:32:53,Neutral,20
244,21:32:53,Neutral,20
245,21:32:54,Neutral,20
246,21:32:54,Happy,42
247,21:32:54,Happy,44
248,21:32:54,Neutral,20
249,21:32:54,Happy,43
250,21:32:54,Neutral,20
251,21:32:54,Happy,44
252,21:32:54,Neutral,20
253,21:32:54,Neutral,20
254,21:32:54,Happy,45
255,21:32:54,Neutral,20
256,21:32:54,Happy,41
257,21:32:54,Neutral,20
258,21:32:54,Neutral,20
259,21:32:54,Neutral,20
260,21:32:54,Neutral,20
261,21:32:54,Neutral,20
262,21:32:55,Neutral,20
263,21:32:55,Angry,50
264,21:32:55,Neutral,20
265,21:32:55,Neutral,20
266,21:32:55,Neutral,20
267,21:32:55,Happy,51
268,21:32:55,Happy,41
269,21:32:55,Neutral,20
270,21:32:55,Neutral,20
271,21:32:55,Neutral,20
272,21:32:55,Happy,50
273,21:32:55,Happy,43
274,21:32:55,Neutral,20
275,21:32:55,Neutral,20
276,21:32:55,Neutral,20
277,21:32:55,Neutral,20
278,21:32:55,Neutral,20
279,21:32:56,Neutral,20
280,21:32:56,Happy,45
281,21:32:56,Neutral,20
282,21:32:56,Neutral,20
283,21:32:56,Neutral,20
284,21:32:56,Neutral,20
285,21:32:56,Neutral,20
286,21:32:56,Neutral,20
287,21:32:56,Neutral,20
288,21:32:56,Happy,41
289,21:32:56,Happy,43
290,21:32:56,Neutral,20
291,21:32:56,Happy,45
292,21:32:56,Neutral,20
293,21:32:56,Neutral,20
294,21:32:56,Happy,43
295,21:32:56,Happy,45
296,21:32:57,Neutral,20
297,21:32:57,Happy,44
298,21:32:57,Neutral,20
299,21:32:57,Happy,43
300,21:32:57,Happy,41
301,21:32:57,Neutral,20
302,21:32:57,Neutral,20
303,21:32:57,Neutral,20
304,21:32:57,Neutral,20
305,21:32:57,Happy,45
306,21:32:57,Neutral,20
307,21:32:57,Happy,44
308,21:32:57,Neutral,20
309,21:32:57,Happy,41
310,21:32:57,Neutral,20
311,21:32:57,Neutral,20
312,21:32:58,Neutral,20
313,21:32:58,Neutral,20
314,21:32:58,Neutral,20
315,21:32:58,Happy,41
316,21:32:58,Neutral,20
317,21:32:58,Neutral,20
318,21:32:58,Happy,42
319,21:32:58,Neutral,20
320,21:32:58,Neutral,20
321,21:32:58,Neutral,20
322,21:32:58,Happy,42
323,21:32:58,Happy,43
324,21:32:58,Neutral,20
325,21:32:58,Neutral,20
326,21:32:58,Neutral,20
327,21:32:58,Happy,45
328,21:32:58,Neutral,20
329,21:32:59,Angry,50
330,21:32:59,Neutral,20
331,21:32:59,Happy,41
332,21:32:59,Happy,42
333,21:32:59,Neutral,20
334,21:32:59,Angry,50
335,21:32:59,Angry,50
336,21:32:59,Angry,50
337,21:32:59,Neutral,20
338,21:32:59,Neutral,20
339,21:32:59,Happy,44
340,21:32:59,Neutral,20
341,21:32:59,Neutral,20
342,21:32:59,Angry,50
343,21:32:59,Angry,50
344,21:32:59,Angry,50
345,21:33:00,Angry,50
346,21:33:00,Angry,50
347,21:33:00,Neutral,20
348,21:33:00,Neutral,20
349,21:33:00,Happy,44
350,21:33:00,Angry,50
351,21:33:00,Angry,50
352,21:33:00,Happy,44
353,21:33:00,Angry,50
354,21:33:00,Neutral,20
355,21:33:00,Angry,50
356,21:33:00,Angry,50
357,21:33:00,Angry,50
358,21:33:00,Neutral,20
359,21:33:00,Happy,42
360,21:33:00,Neutral,20
361,21:33:01,Happy,45
362,21:33:01,Neutral,20
363,21:33:01,Happy,44
364,21:33:01,Neutral,20
365,21:33:01,Happy,42
366,21:33:01,Neutral,20
367,21:33:01,Neutral,20
368,21:33:01,Happy,42
369,21:33:01,Neutral,20
370,21:33:01,Neutral,20
371,21:33:01,Happy,45
372,21:33:01,Angry,50
373,21:33:01,Happy,45
374,21:33:01,Angry,50
375,21:33:01,Happy,45
376,21:33:01,Angry,50
377,21:33:01,Neutral,20
378,21:33:02,Happy,41
379,21:33:02,Angry,50
380,21:33:02,Happy,45
381,21:33:02,Happy,45
382,21:33:02,Neutral,20
383,21:33:02,Neutral,20
384,21:33:02,Neutral,20
385,21:33:02,Neutral,20
386,21:33:02,Neutral,20
387,21:33:02,Neutral,20
388,21:33:02,Neutral,20
389,21:33:02,Neutral,20
390,21:33:02,Angry,50
391,21:33:02,Neutral,20
392,21:33:02,Happy,45
393,21:33:02,Happy,45
394,21:33:02,Angry,50
395,21:33:03,Angry,50
396,21:33:03,Angry,50
397,21:33:03,Happy,47
398,21:33:03,Happy,45
399,21:33:03,Angry,50
400,21:33:03,Angry,50
401,21:33:03,Angry,50
402,21:33:03,Neutral,20
403,21:33:03,Neutral,20
404,21:33:03,Happy,61
405,21:33:03,Angry,50
406,21:33:03,Angry,50
407,21:33:03,Happy,44
408,21:33:03,Neutral,20
409,21:33:03,Neutral,20
410,21:33:04,Neutral,20
411,21:33:04,Happy,41
412,21:33:04,Neutral,20
413,21:33:04,Neutral,20
414,21:33:04,Neutral,20
415,21:33:04,Happy,50
416,21:33:04,Happy,60
417,21:33:04,Neutral,20
418,21:33:04,Neutral,20
419,21:33:04,Neutral,20
420,21:33:04,Angry,50
421,21:33:04,Angry,50
422,21:33:04,Angry,50
423,21:33:04,Neutral,20
424,21:33:04,Neutral,20
425,21:33:04,Neutral,20
426,21:33:04,Happy,57
427,21:33:05,Angry,50
428,21:33:05,Angry,50
429,21:33:05,Neutral,20
430,21:33:05,Angry,50
431,21:33:05,Neutral,20
432,21:33:05,Angry,50
433,21:33:05,Neutral,20
434,21:33:05,Happy,41
435,21:33:05,Neutral,20
436,21:33:05,Neutral,20
437,21:33:05,Neutral,20
438,21:33:05,Angry,50
439,21:33:05,Angry,50
440,21:33:05,Angry,50
441,21:33:05,Neutral,20
442,21:33:05,Happy,42
443,21:33:06,Angry,50
444,21:33:06,Neutral,20
445,21:33:06,Happy,45
446,21:33:06,Angry,50
447,21:33:06,Neutral,20
448,21:33:06,Happy,44
449,21:33:06,Angry,50
450,21:33:06,Angry,50
451,21:33:06,Neutral,20
452,21:33:06,Neutral,20
453,21:33:06,Happy,45
454,21:33:06,Neutral,20
455,21:33:06,Angry,50
456,21:33:06,Happy,44
457,21:33:06,Angry,50
458,21:33:06,Angry,50
459,21:33:07,Angry,50
460,21:33:07,Angry,50
461,21:33:07,Angry,50
462,21:33:07,Angry,50
463,21:33:07,Angry,50
464,21:33:07,Happy,47
465,21:33:07,Happy,52
466,21:33:07,Happy,58
467,21:33:07,Happy,41
468,21:33:07,Angry,50
469,21:33:07,Happy,44
470,21:33:07,Neutral,20
471,21:33:07,Angry,50
472,21:33:07,Neutral,20
473,21:33:07,Angry,50
474,21:33:08,Angry,50
475,21:33:08,Angry,50
476,21:33:08,Angry,50
477,21:33:08,Angry,50
478,21:33:08,Angry,50
479,21:33:08,Neutral,20
480,21:33:08,Neutral,20
481,21:33:08,Happy,41
482,21:33:08,Angry,50
483,21:33:08,Angry,50
484,21:33:08,Neutral,20
485,21:33:08,Neutral,20
486,21:33:08,Happy,44
487,21:33:08,Angry,50
488,21:33:08,Angry,50
489,21:33:08,Happy,45
490,21:33:09,Neutral,20
491,21:33:09,Angry,50
492,21:33:09,Angry,50
493,21:33:09,Neutral,20
494,21:33:09,Happy,45
495,21:33:09,Happy,51
496,21:33:09,Angry,50
497,21:33:09,Happy,41
498,21:33:09,Angry,50
499,21:33:09,Angry,50
500,21:33:09,Neutral,20
501,21:33:09,Angry,50
502,21:33:09,Angry,50
503,21:33:09,Neutral,20
504,21:33:09,Angry,50
505,21:33:09,Angry,50
506,21:33:10,Neutral,20
507,21:33:10,Angry,50
508,21:33:10,Angry,50
509,21:33:10,Neutral,20
510,21:33:10,Angry,50
511,21:33:10,Neutral,20
512,21:33:10,Neutral,20
513,21:33:10,Neutral,20
514,21:33:10,Neutral,20
515,21:33:10,Happy,54
516,21:33:10,Happy,47
517,21:33:10,Happy,65
518,21:33:10,Angry,50
519,21:33:10,Angry,50
520,21:33:10,Angry,50
521,21:33:10,Angry,50
522,21:33:11,Happy,53
523,21:33:11,Happy,43
524,21:33:11,Angry,50
525,21:33:11,Neutral,20
526,21:33:11,Angry,50
527,21:33:11,Neutral,20
528,21:33:11,Angry,50
529,21:33:11,Angry,50
530,21:33:11,Angry,50
531,21:33:11,Angry,50
532,21:33:11,Angry,50
533,21:33:11,Neutral,20
534,21:33:11,Neutral,20
535,21:33:11,Neutral,20
536,21:33:11,Angry,50
537,21:33:11,Neutral,20
538,21:33:11,Angry,50
539,21:33:12,Angry,50
540,21:33:12,Neutral,20
541,21:33:12,Angry,50
542,21:33:12,Angry,50
543,21:33:12,Angry,50
544,21:33:12,Neutral,20
545,21:33:12,Neutral,20
546,21:33:12,Neutral,20
547,21:33:12,Neutral,20
548,21:33:12,Neutral,20
549,21:33:12,Neutral,20
550,21:33:12,Neutral,20
551,21:33:12,Neutral,20
552,21:33:12,Neutral,20
553,21:33:12,Neutral,20
554,21:33:12,Neutral,20
555,21:33:12,Neutral,20
556,21:33:13,Happy,43
557,21:33:13,Angry,50
558,21:33:13,Happy,41
559,21:33:13,Happy,44
560,21:33:13,Neutral,20
561,21:33:13,Neutral,20
562,21:33:13,Happy,41
563,21:33:13,Neutral,20
564,21:33:13,Happy,43
565,21:33:13,Neutral,20
566,21:33:13,Neutral,20
567,21:33:13,Happy,41
568,21:33:13,Happy,43
569,21:33:13,Neutral,20
570,21:33:13,Neutral,20
571,21:33:13,Neutral,20
572,21:33:13,Happy,41
573,21:33:14,Neutral,20
574,21:33:14,Happy,43
575,21:33:14,Happy,44
576,21:33:14,Neutral,20
577,21:33:14,Happy,43
578,21:33:14,Neutral,20
579,21:33:14,Neutral,20
580,21:33:14,Neutral,20
581,21:33:14,Neutral,20
582,21:33:14,Neutral,20
583,21:33:14,Happy,45
584,21:33:14,Neutral,20
585,21:33:14,Neutral,20
586,21:33:14,Neutral,20
587,21:33:14,Neutral,20
588,21:33:14,Neutral,20
589,21:33:15,Neutral,20
590,21:33:15,Neutral,20
591,21:33:15,Neutral,20
592,21:33:15,Neutral,20
593,21:33:15,Neutral,20
594,21:33:15,Neutral,20
595,21:33:15,Neutral,20
596,21:33:15,Neutral,20
597,21:33:15,Neutral,20
598,21:33:15,Happy,41
599,21:33:15,Neutral,20
600,21:33:15,Neutral,20
601,21:33:15,Happy,43
602,21:33:15,Neutral,20
603,21:33:15,Angry,50
604,21:33:16,Angry,50
605,21:33:16,Angry,50
606,21:33:16,Neutral,20
607,21:33:16,Angry,50
608,21:33:16,Happy,44
609,21:33:16,Happy,43
610,21:33:16,Happy,45
611,21:33:16,Happy,43
612,21:33:16,Neutral,20
613,21:33:16,Neutral,20
614,21:33:16,Neutral,20
615,21:33:16,Neutral,20
616,21:33:16,Neutral,20
617,21:33:16,Neutral,20
618,21:33:16,Neutral,20
619,21:33:16,Neutral,20
620,21:33:16,Neutral,20
621,21:33:17,Neutral,20
622,21:33:17,Neutral,20
623,21:33:17,Neutral,20
624,21:33:17,Neutral,20
625,21:33:17,Neutral,20
626,21:33:17,Neutral,20
627,21:33:17,Neutral,20
628,21:33:17,Neutral,20
629,21:33:17,Neutral,20
630,21:33:17,Neutral,20
631,21:33:17,Neutral,20
632,21:33:17,Neutral,20
633,21:33:17,Neutral,20
634,21:33:17,Neutral,20
635,21:33:17,Neutral,20
636,21:33:17,Neutral,20
637,21:33:17,Neutral,20
638,21:33:17,Happy,43
639,21:33:18,Neutral,20
640,21:33:18,Neutral,20
641,21:33:18,Happy,44
642,21:33:18,Neutral,20
643,21:33:18,Neutral,20
644,21:33:18,Neutral,20
645,21:33:18,Neutral,20
646,21:33:18,Neutral,20
647,21:33:18,Neutral,20
648,21:33:18,Neutral,20
649,21:33:18,Neutral,20
650,21:33:18,Neutral,20
651,21:33:18,Neutral,20
652,21:33:18,Neutral,20
653,21:33:18,Neutral,20
654,21:33:18,Neutral,20
655,21:33:19,Neutral,20
656,21:33:19,Neutral,20
657,21:33:19,Neutral,20
658,21:33:19,Neutral,20
659,21:33:19,Neutral,20
660,21:33:19,Angry,50
661,21:33:19,Neutral,20
662,21:33:19,Neutral,20
663,21:33:19,Angry,50
664,21:33:19,Angry,50
665,21:33:19,Angry,50
666,21:33:19,Angry,50
667,21:33:19,Angry,50
668,21:33:19,Angry,50
669,21:33:19,Angry,50
670,21:33:19,Angry,50
671,21:33:19,Happy,41
672,21:33:20,Neutral,20
673,21:33:20,Neutral,20
674,21:33:20,Neutral,20
675,21:33:20,Neutral,20
676,21:33:20,Neutral,20
677,21:33:20,Neutral,20
678,21:33:20,Neutral,20
679,21:33:20,Neutral,20
680,21:33:20,Neutral,20
681,21:33:20,Neutral,20
682,21:33:20,Neutral,20
683,21:33:20,Neutral,20
684,21:33:20,Neutral,20
685,21:33:20,Neutral,20
686,21:33:20,Neutral,20
687,21:33:20,Neutral,20
688,21:33:20,Neutral,20
689,21:33:21,Happy,44
690,21:33:21,Neutral,20
691,21:33:21,Neutral,20
692,21:33:21,Neutral,20
693,21:33:21,Neutral,20
694,21:33:21,Happy,45
695,21:33:21,Neutral,20
696,21:33:21,Neutral,20
697,21:33:21,Neutral,20
698,21:33:21,Neutral,20
699,21:33:21,Neutral,20
700,21:33:21,Neutral,20
701,21:33:21,Angry,50
702,21:33:21,Neutral,20
703,21:33:21,Neutral,20
704,21:33:21,Neutral,20
705,21:33:21,Neutral,20
706,21:33:21,Neutral,20
707,21:33:22,Happy,44
708,21:33:22,Happy,42
709,21:33:22,Neutral,20
710,21:33:22,Neutral,20
711,21:33:22,Happy,43
712,21:33:22,Neutral,20
713,21:33:22,Neutral,20
714,21:33:22,Neutral,20
715,21:33:22,Happy,44
716,21:33:22,Happy,45
717,21:33:22,Neutral,20
718,21:33:22,Neutral,20
719,21:33:22,Neutral,20
720,21:33:22,Neutral,20
721,21:33:22,Happy,52
722,21:33:23,Happy,45
723,21:33:23,Happy,42
724,21:33:23,Neutral,20
725,21:33:23,Neutral,20
726,21:33:23,Neutral,20
727,21:33:23,Neutral,20
728,21:33:23,Neutral,20
729,21:33:23,Neutral,20
730,21:33:23,Neutral,20
731,21:33:23,Angry,50
732,21:33:23,Angry,50
733,21:33:23,Neutral,20
734,21:33:23,Neutral,20
735,21:33:23,Neutral,20
736,21:33:23,Neutral,20
737,21:33:23,Neutral,20
738,21:33:23,Neutral,20
739,21:33:23,Neutral,20
740,21:33:24,Neutral,20
741,21:33:24,Neutral,20
742,21:33:24,Neutral,20
743,21:33:24,Neutral,20
744,21:33:24,Neutral,20
745,21:33:24,Neutral,20
746,21:33:24,Neutral,20
747,21:33:24,Neutral,20
748,21:33:24,Neutral,20
749,21:33:24,Neutral,20
750,21:33:24,Neutral,20
751,21:33:24,Neutral,20
752,21:33:24,Neutral,20
753,21:33:24,Neutral,20
754,21:33:24,Neutral,20
755,21:33:24,Neutral,20
756,21:33:24,Neutral,20
757,21:33:24,Neutral,20
758,21:33:24,Neutral,20
759,21:33:24,Neutral,20
760,21:33:25,Neutral,20
761,21:33:25,Neutral,20
762,21:33:25,Neutral,20
763,21:33:25,Neutral,20
764,21:33:25,Neutral,20
765,21:33:25,Neutral,20
766,21:33:25,Neutral,20
767,21:33:25,Neutral,20
768,21:33:25,Neutral,20
769,21:33:25,Neutral,20
770,21:33:25,Neutral,20
771,21:33:25,Neutral,20
772,21:33:25,Neutral,20
773,21:33:25,Neutral,20
774,21:33:25,Angry,50
775,21:33:25,Neutral,20
776,21:33:25,Neutral,20
777,21:33:25,Neutral,20
778,21:33:25,Neutral,20
779,21:33:25,Neutral,20
780,21:33:26,Neutral,20
781,21:33:26,Neutral,20
782,21:33:26,Neutral,20
783,21:33:26,Neutral,20
784,21:33:26,Neutral,20
785,21:33:26,Neutral,20
786,21:33:26,Neutral,20
787,21:33:26,Neutral,20
788,21:33:26,Neutral,20
789,21:33:26,Neutral,20
790,21:33:26,Neutral,20
791,21:33:26,Angry,50
792,21:33:26,Angry,50
793,21:33:26,Angry,50
794,21:33:26,Neutral,20
795,21:33:26,Happy,43
796,21:33:26,Neutral,20
797,21:33:26,Happy,45
798,21:33:27,Neutral,20
799,21:33:27,Neutral,20
800,21:33:27,Happy,42
801,21:33:27,Neutral,20
802,21:33:27,Neutral,20
803,21:33:27,Neutral,20
804,21:33:27,Neutral,20
805,21:33:27,Happy,41
806,21:33:27,Happy,44
807,21:33:27,Happy,45
808,21:33:27,Happy,41
809,21:33:27,Neutral,20
810,21:33:27,Neutral,20
811,21:33:27,Happy,45
812,21:33:27,Neutral,20
813,21:33:27,Neutral,20
814,21:33:28,Neutral,20
815,21:33:28,Neutral,20
816,21:33:28,Happy,41
817,21:33:28,Neutral,20
818,21:33:28,Neutral,20
819,21:33:28,Neutral,20
820,21:33:28,Neutral,20
821,21:33:28,Neutral,20
822,21:33:28,Neutral,20
823,21:33:28,Neutral,20
824,21:33:28,Neutral,20
825,21:33:28,Neutral,20
826,21:33:28,Happy,43
827,21:33:28,Happy,43
828,21:33:28,Neutral,20
829,21:33:28,Neutral,20
830,21:33:29,Neutral,20
831,21:33:29,Neutral,20
832,21:33:29,Neutral,20
833,21:33:29,Happy,43
834,21:33:29,Neutral,20
835,21:33:29,Neutral,20
836,21:33:29,Neutral,20
837,21:33:29,Neutral,20
838,21:33:29,Neutral,20
839,21:33:29,Neutral,20
840,21:33:29,Neutral,20
841,21:33:29,Neutral,20
842,21:33:29,Neutral,20
843,21:33:29,Neutral,20
844,21:33:29,Neutral,20
845,21:33:29,Neutral,20
846,21:33:30,Neutral,20
847,21:33:30,Happy,44
848,21:33:30,Neutral,20
849,21:33:30,Neutral,20
850,21:33:30,Neutral,20
851,21:33:30,Neutral,20
852,21:33:30,Happy,45
853,21:33:30,Neutral,20
854,21:33:30,Happy,52
855,21:33:30,Neutral,20
856,21:33:30,Neutral,20
857,21:33:30,Neutral,20
858,21:33:30,Neutral,20
859,21:33:30,Happy,44
860,21:33:30,Neutral,20
861,21:33:30,Happy,41
862,21:33:30,Neutral,20
863,21:33:31,Neutral,20
864,21:33:31,Neutral,20
865,21:33:31,Neutral,20
866,21:33:31,Happy,60
867,21:33:31,Neutral,20
868,21:33:31,Happy,45
869,21:33:31,Neutral,20
870,21:33:31,Neutral,20
871,21:33:31,Neutral,20
872,21:33:31,Neutral,20
873,21:33:31,Neutral,20
874,21:33:31,Neutral,20
875,21:33:31,Neutral,20
876,21:33:31,Neutral,20
877,21:33:31,Neutral,20
878,21:33:31,Neutral,20
879,21:33:32,Neutral,20
880,21:33:32,Happy,45
881,21:33:32,Neutral,20
882,21:33:32,Neutral,20
883,21:33:32,Neutral,20
884,21:33:32,Neutral,20
885,21:33:32,Neutral,20
886,21:33:32,Neutral,20
887,21:33:32,Neutral,20
888,21:33:32,Happy,52
889,21:33:32,Happy,55
890,21:33:32,Neutral,20
891,21:33:32,Happy,58
892,21:33:32,Happy,53
893,21:33:32,Happy,56
894,21:33:33,Happy,45
895,21:33:33,Neutral,20
896,21:33:33,Neutral,20
897,21:33:33,Happy,46
898,21:33:33,Happy,44
899,21:33:33,Neutral,20
900,21:33:33,Neutral,20
901,21:33:33,Neutral,20
902,21:33:33,Neutral,20
903,21:33:33,Neutral,20
904,21:33:33,Neutral,20
905,21:33:33,Happy,57
906,21:33:33,Happy,56
907,21:33:33,Happy,57
908,21:33:33,Neutral,20
909,21:33:33,Neutral,20
910,21:33:34,Happy,56
911,21:33:34,Happy,46
912,21:33:34,Neutral,20
913,21:33:34,Neutral,20
914,21:33:34,Happy,48
915,21:33:34,Happy,58
916,21:33:34,Neutral,20
917,21:33:34,Neutral,20
918,21:33:34,Neutral,20
919,21:33:34,Happy,52
920,21:33:34,Happy,42
921,21:33:34,Neutral,20
922,21:33:34,Happy,58
923,21:33:34,Neutral,20
924,21:33:34,Neutral,20
925,21:33:34,Neutral,20
926,21:33:35,Happy,48
927,21:33:35,Happy,62
928,21:33:35,Neutral,20
929,21:33:35,Happy,49
930,21:33:35,Happy,44
931,21:33:35,Neutral,20
932,21:33:35,Neutral,20
933,21:33:35,Neutral,20
934,21:33:35,Neutral,20
935,21:33:35,Neutral,20
936,21:33:35,Neutral,20
937,21:33:35,Neutral,20
938,21:33:35,Happy,44
939,21:33:35,Neutral,20
940,21:33:35,Neutral,20
941,21:33:35,Neutral,20
942,21:33:36,Neutral,20
943,21:33:36,Happy,43
944,21:33:36,Happy,44
945,21:33:36,Happy,61
946,21:33:36,Neutral,20
947,21:33:36,Neutral,20
948,21:33:36,Happy,41
949,21:33:36,Happy,43
950,21:33:36,Neutral,20
951,21:33:36,Neutral,20
952,21:33:36,Happy,44
953,21:33:36,Neutral,20
954,21:33:36,Happy,41
955,21:33:36,Neutral,20
956,21:33:36,Happy,55
957,21:33:37,Neutral,20
958,21:33:37,Happy,64
959,21:33:37,Neutral,20
960,21:33:37,Happy,51
961,21:33:37,Happy,58
962,21:33:37,Happy,58
963,21:33:37,Happy,49
964,21:33:37,Happy,43
965,21:33:37,Neutral,20
966,21:33:37,Neutral,20
967,21:33:37,Neutral,20
968,21:33:37,Neutral,20
969,21:33:37,Neutral,20
970,21:33:37,Neutral,20
971,21:33:37,Happy,45
972,21:33:37,Neutral,20
973,21:33:38,Happy,51
974,21:33:38,Happy,50
975,21:33:38,Neutral,20
976,21:33:38,Neutral,20
977,21:33:38,Neutral,20
978,21:33:38,Neutral,20
979,21:33:38,Happy,45
980,21:33:38,Happy,43
981,21:33:38,Neutral,20
982,21:33:38,Neutral,20
983,21:33:38,Happy,43
984,21:33:38,Happy,43
985,21:33:38,Happy,45
986,21:33:38,Neutral,20
987,21:33:38,Happy,44
988,21:33:38,Happy,45
989,21:33:39,Happy,45
990,21:33:39,Neutral,20
991,21:33:39,Happy,60
992,21:33:39,Happy,57
993,21:33:39,Happy,63
994,21:33:39,Neutral,20
995,21:33:39,Neutral,20
996,21:33:39,Neutral,20
997,21:33:39,Happy,52
998,21:33:39,Happy,44
999,21:33:39,Neutral,20
1000,21:33:39,Neutral,20
1001,21:33:39,Neutral,20
1002,21:33:39,Neutral,20
1003,21:33:39,Neutral,20
1004,21:33:40,Neutral,20
1005,21:33:40,Neutral,20
1006,21:33:40,Neutral,20
1007,21:33:40,Neutral,20
1008,21:33:40,Happy,45
1009,21:33:40,Neutral,20
1010,21:33:40,Neutral,20
1011,21:33:40,Neutral,20
1012,21:33:40,Happy,44
1013,21:33:40,Happy,45
1014,21:33:40,Neutral,20
1015,21:33:40,Neutral,20
1016,21:33:40,Neutral,20
1017,21:33:40,Happy,42
1018,21:33:40,Neutral,20
1019,21:33:40,Neutral,20
1020,21:33:41,Neutral,20
1021,21:33:41,Neutral,20
1022,21:33:41,Neutral,20
1023,21:33:41,Neutral,20
1024,21:33:41,Neutral,20
1025,21:33:41,Neutral,20
1026,21:33:41,Neutral,20
1027,21:33:41,Neutral,20
1028,21:33:41,Neutral,20
1029,21:33:41,Neutral,20
1030,21:33:41,Neutral,20
1031,21:33:41,Neutral,20
1032,21:33:41,Neutral,20
1033,21:33:41,Neutral,20
1034,21:33:41,Happy,45
1035,21:33:41,Neutral,20
1036,21:33:41,Happy,42
1037,21:33:42,Happy,42
1038,21:33:42,Neutral,20
1039,21:33:42,Neutral,20
1040,21:33:42,Neutral,20
1041,21:33:42,Neutral,20
1042,21:33:42,Neutral,20
1043,21:33:42,Neutral,20
1044,21:33:42,Happy,44
1045,21:33:42,Neutral,20
1046,21:33:42,Happy,44
1047,21:33:42,Neutral,20
1048,21:33:42,Neutral,20
1049,21:33:42,Happy,59
1050,21:33:42,Happy,44
1051,21:33:42,Neutral,20
1052,21:33:42,Neutral,20
1053,21:33:43,Angry,50
1054,21:33:43,Angry,50
1055,21:33:43,Neutral,20
1056,21:33:43,Neutral,20
1057,21:33:43,Neutral,20
1058,21:33:43,Neutral,20
1059,21:33:43,Neutral,20
1060,21:33:43,Neutral,20
1061,21:33:43,Neutral,20
1062,21:33:43,Neutral,20
1063,21:33:43,Neutral,20
1064,21:33:43,Neutral,20
1065,21:33:43,Neutral,20
1066,21:33:43,Neutral,20
1067,21:33:43,Neutral,20
1068,21:33:43,Neutral,20
1069,21:33:43,Neutral,20
1070,21:33:43,Neutral,20
1071,21:33:44,Neutral,20
1072,21:33:44,Neutral,20
1073,21:33:44,Neutral,20
1074,21:33:44,Neutral,20
1075,21:33:44,Neutral,20
1076,21:33:44,Neutral,20
1077,21:33:44,Neutral,20
1078,21:33:44,Neutral,20
1079,21:33:44,Neutral,20
1080,21:33:44,Neutral,20
1081,21:33:44,Neutral,20
1082,21:33:44,Neutral,20
1083,21:33:44,Neutral,20
1084,21:33:44,Neutral,20
1085,21:33:44,Neutral,20
1086,21:33:44,Neutral,20
1087,21:33:44,Neutral,20
1088,21:33:44,Neutral,20
1089,21:33:44,Neutral,20
1090,21:33:44,Neutral,20
1091,21:33:45,Neutral,20
1092,21:33:45,Neutral,20
1093,21:33:45,Neutral,20
1094,21:33:45,Neutral,20
1095,21:33:45,Neutral,20
1096,21:33:45,Neutral,20
1097,21:33:45,Neutral,20
1098,21:33:45,Neutral,20
1099,21:33:45,Neutral,20
1100,21:33:45,Neutral,20
1101,21:33:45,Neutral,20
1102,21:33:45,Neutral,20
1103,21:33:45,Neutral,20
1104,21:33:45,Neutral,20
1105,21:33:45,Neutral,20
1106,21:33:45,Neutral,20
1107,21:33:45,Neutral,20
1108,21:33:46,Neutral,20
1109,21:33:46,Neutral,20
1110,21:33:46,Neutral,20
1111,21:33:46,Neutral,20
1112,21:33:46,Neutral,20
1113,21:33:46,Neutral,20
1114,21:33:46,Neutral,20
1115,21:33:46,Neutral,20
1116,21:33:46,Neutral,20
1117,21:33:46,Neutral,20
1118,21:33:46,Neutral,20
1119,21:33:46,Neutral,20
1120,21:33:46,Angry,50
1121,21:33:46,Angry,50
1122,21:33:46,Angry,50
1123,21:33:46,Angry,50
1124,21:33:46,Neutral,20
1125,21:33:46,Neutral,20
1126,21:33:47,Neutral,20
1127,21:33:47,Neutral,20
1128,21:33:47,Neutral,20
1129,21:33:47,Neutral,20
1130,21:33:47,Neutral,20
1131,21:33:47,Neutral,20
1132,21:33:47,Neutral,20
1133,21:33:47,Neutral,20
1134,21:33:47,Neutral,20
1135,21:33:47,Neutral,20
1136,21:33:47,Neutral,20
1137,21:33:47,Neutral,20
1138,21:33:47,Happy,43
1139,21:33:47,Neutral,20
1140,21:33:47,Happy,45
1141,21:33:47,Neutral,20
1142,21:33:47,Neutral,20
1143,21:33:48,Neutral,20
1144,21:33:48,Neutral,20
1145,21:33:48,Neutral,20
1146,21:33:48,Happy,42
1147,21:33:48,Neutral,20
1148,21:33:48,Neutral,20
1149,21:33:48,Neutral,20
1150,21:33:48,Neutral,20
1151,21:33:48,Happy,42
1152,21:33:48,Happy,45
1153,21:33:48,Neutral,20
1154,21:33:48,Happy,44
1155,21:33:48,Neutral,20
1156,21:33:48,Neutral,20
1157,21:33:48,Neutral,20
1158,21:33:49,Happy,41
1159,21:33:49,Happy,44
1160,21:33:49,Neutral,20
1161,21:33:49,Neutral,20
1162,21:33:49,Neutral,20
1163,21:33:49,Neutral,20
1164,21:33:49,Happy,43
1165,21:33:49,Neutral,20
1166,21:33:49,Neutral,20
1167,21:33:49,Neutral,20
1168,21:33:49,Neutral,20
1169,21:33:49,Neutral,20
1170,21:33:49,Neutral,20
1171,21:33:49,Neutral,20
1172,21:33:49,Neutral,20
1173,21:33:49,Neutral,20
1174,21:33:49,Neutral,20
1175,21:33:49,Happy,44
1176,21:33:50,Happy,44
1177,21:33:50,Neutral,20
1178,21:33:50,Neutral,20
1179,21:33:50,Neutral,20
1180,21:33:50,Neutral,20
1181,21:33:50,Neutral,20
1182,21:33:50,Neutral,20
1183,21:33:50,Neutral,20
1184,21:33:50,Neutral,20
1185,21:33:50,Neutral,20
1186,21:33:50,Neutral,20
1187,21:33:50,Happy,44
1188,21:33:50,Neutral,20
1189,21:33:50,Neutral,20
1190,21:33:50,Neutral,20
1191,21:33:50,Happy,41
1192,21:33:50,Neutral,20
1193,21:33:51,Neutral,20
1194,21:33:51,Neutral,20
1195,21:33:51,Neutral,20
1196,21:33:51,Neutral,20
1197,21:33:51,Happy,44
1198,21:33:51,Neutral,20
1199,21:33:51,Neutral,20
1200,21:33:51,Neutral,20
1201,21:33:51,Neutral,20
1202,21:33:51,Neutral,20
1203,21:33:51,Neutral,20
1204,21:33:51,Neutral,20
1205,21:33:51,Neutral,20
1206,21:33:51,Neutral,20
1207,21:33:51,Neutral,20
1208,21:33:52,Neutral,20
1209,21:33:52,Neutral,20
1210,21:33:52,Neutral,20
1211,21:33:52,Neutral,20
1212,21:33:52,Angry,50
1213,21:33:52,Angry,50
1214,21:33:52,Angry,50
1215,21:33:52,Angry,50
1216,21:33:52,Angry,50
1217,21:33:52,Angry,50
1218,21:33:52,Neutral,20
1219,21:33:52,Angry,50
1220,21:33:52,Neutral,20
1221,21:33:52,Angry,50
1222,21:33:52,Angry,50
1223,21:33:52,Angry,50
1224,21:33:52,Angry,50
1225,21:33:52,Angry,50
1226,21:33:53,Angry,50
1227,21:33:53,Angry,50
1228,21:33:53,Angry,50
1229,21:33:53,Neutral,20
1230,21:33:53,Angry,50
1231,21:33:53,Neutral,20
1232,21:33:53,Angry,50
1233,21:33:53,Angry,50
1234,21:33:53,Neutral,20
1235,21:33:53,Angry,50
1236,21:33:53,Angry,50
1237,21:33:53,Angry,50
1238,21:33:53,Angry,50
1239,21:33:53,Angry,50
1240,21:33:53,Angry,50
1241,21:33:53,Angry,50
1242,21:33:54,Angry,50
1243,21:33:54,Angry,50
1244,21:33:54,Angry,50
1245,21:33:54,Happy,44
1246,21:33:54,Neutral,20
1247,21:33:54,Neutral,20
1248,21:33:54,Happy,41
1249,21:33:54,Neutral,20
1250,21:33:54,Neutral,20
1251,21:33:54,Neutral,20
1252,21:33:54,Neutral,20
1253,21:33:54,Neutral,20
1254,21:33:54,Neutral,20
1255,21:33:54,Neutral,20
1256,21:33:54,Neutral,20
1257,21:33:54,Neutral,20
1258,21:33:54,Neutral,20
1259,21:33:55,Happy,45
1260,21:33:55,Neutral,20
1261,21:33:55,Neutral,20
1262,21:33:55,Neutral,20
1263,21:33:55,Neutral,20
1264,21:33:55,Neutral,20
1265,21:33:55,Neutral,20
1266,21:33:55,Happy,50
1267,21:33:55,Neutral,20
1268,21:33:55,Neutral,20
1269,21:33:55,Neutral,20
1270,21:33:55,Happy,45
1271,21:33:55,Happy,62
1272,21:33:55,Neutral,20
1273,21:33:55,Neutral,20
1274,21:33:55,Neutral,20
1275,21:33:56,Neutral,20
1276,21:33:56,Happy,45
1277,21:33:56,Neutral,20
1278,21:33:56,Neutral,20
1279,21:33:56,Neutral,20
1280,21:33:56,Happy,43
1281,21:33:56,Neutral,20
1282,21:33:56,Neutral,20
1283,21:33:56,Happy,46
1284,21:33:56,Neutral,20
1285,21:33:56,Happy,52
1286,21:33:56,Neutral,20
1287,21:33:56,Happy,65
1288,21:33:56,Happy,44
1289,21:33:56,Happy,48
1290,21:33:56,Neutral,20
1291,21:33:57,Neutral,20
1292,21:33:57,Happy,52
1293,21:33:57,Neutral,20
1294,21:33:57,Neutral,20
1295,21:33:57,Neutral,20
1296,21:33:57,Neutral,20
1297,21:33:57,Neutral,20
1298,21:33:57,Neutral,20
1299,21:33:57,Happy,43
1300,21:33:57,Neutral,20
1301,21:33:57,Neutral,20
1302,21:33:57,Neutral,20
1303,21:33:57,Happy,43
1304,21:33:57,Happy,53
1305,21:33:57,Happy,53
1306,21:33:57,Happy,44
1307,21:33:58,Neutral,20
1308,21:33:58,Neutral,20
1309,21:33:58,Happy,46
1310,21:33:58,Happy,55
1311,21:33:58,Neutral,20
1312,21:33:58,Neutral,20
1313,21:33:58,Neutral,20
1314,21:33:58,Happy,43
1315,21:33:58,Neutral,20
1316,21:33:58,Neutral,20
1317,21:33:58,Happy,45
1318,21:33:58,Neutral,20
1319,21:33:58,Happy,59
1320,21:33:58,Neutral,20
1321,21:33:58,Neutral,20
1322,21:33:58,Happy,42
1323,21:33:59,Neutral,20
1324,21:33:59,Neutral,20
1325,21:33:59,Happy,56
1326,21:33:59,Happy,51
1327,21:33:59,Neutral,20
1328,21:33:59,Neutral,20
1329,21:33:59,Neutral,20
1330,21:33:59,Happy,45
1331,21:33:59,Happy,43
1332,21:33:59,Happy,62
1333,21:33:59,Happy,57
1334,21:33:59,Angry,50
1335,21:33:59,Angry,50
1336,21:33:59,Neutral,20
1337,21:33:59,Happy,57
1338,21:33:59,Happy,54
1339,21:34:00,Happy,43
1340,21:34:00,Happy,52
1341,21:34:00,Happy,59
1342,21:34:00,Happy,47
1343,21:34:00,Angry,50
1344,21:34:00,Neutral,20
1345,21:34:00,Neutral,20
1346,21:34:00,Neutral,20
1347,21:34:00,Happy,43
1348,21:34:00,Happy,53
1349,21:34:00,Neutral,20
1350,21:34:00,Happy,59
1351,21:34:00,Neutral,20
1352,21:34:00,Neutral,20
1353,21:34:00,Happy,46
1354,21:34:00,Happy,43
1355,21:34:01,Happy,56
1356,21:34:01,Happy,42
1357,21:34:01,Happy,44
1358,21:34:01,Neutral,20
1359,21:34:01,Neutral,20
1360,21:34:01,Happy,61
1361,21:34:01,Happy,44
1362,21:34:01,Neutral,20
1363,21:34:01,Happy,64
1364,21:34:01,Happy,55
1365,21:34:01,Happy,62
1366,21:34:01,Happy,49
1367,21:34:01,Neutral,20
1368,21:34:01,Neutral,20
1369,21:34:01,Neutral,20
1370,21:34:01,Neutral,20
1371,21:34:02,Happy,43
1372,21:34:02,Happy,45
1373,21:34:02,Neutral,20
1374,21:34:02,Neutral,20
1375,21:34:02,Neutral,20
1376,21:34:02,Neutral,20
1377,21:34:02,Happy,41
1378,21:34:02,Happy,43
1379,21:34:02,Neutral,20
1380,21:34:02,Neutral,20
1381,21:34:02,Neutral,20
1382,21:34:02,Neutral,20
1383,21:34:02,Happy,41
1384,21:34:02,Neutral,20
1385,21:34:02,Neutral,20
1386,21:34:02,Neutral,20
1387,21:34:03,Happy,65
1388,21:34:03,Happy,57
1389,21:34:03,Happy,51
1390,21:34:03,Happy,55
1391,21:34:03,Neutral,20
1392,21:34:03,Neutral,20
1393,21:34:03,Happy,45
1394,21:34:03,Neutral,20
1395,21:34:03,Neutral,20
1396,21:34:03,Neutral,20
1397,21:34:03,Happy,54
1398,21:34:03,Neutral,20
1399,21:34:03,Neutral,20
1400,21:34:03,Neutral,20
1401,21:34:03,Angry,50
1402,21:34:04,Angry,50
1403,21:34:04,Neutral,20
1404,21:34:04,Neutral,20
1405,21:34:04,Happy,41
1406,21:34:04,Neutral,20
1407,21:34:04,Neutral,20
1408,21:34:04,Neutral,20
1409,21:34:04,Neutral,20
1410,21:34:04,Neutral,20
1411,21:34:04,Neutral,20
1412,21:34:04,Neutral,20
1413,21:34:04,Neutral,20
1414,21:34:04,Neutral,20
1415,21:34:04,Neutral,20
1416,21:34:04,Neutral,20
1417,21:34:04,Neutral,20
1418,21:34:05,Neutral,20
1419,21:34:05,Angry,50
1420,21:34:05,Neutral,20
1421,21:34:05,Angry,50
1422,21:34:05,Happy,43
1423,21:34:05,Neutral,20
1424,21:34:05,Angry,50
1425,21:34:05,Angry,50
1426,21:34:05,Angry,50
1427,21:34:05,Angry,50
1428,21:34:05,Happy,43
1429,21:34:05,Angry,50
1430,21:34:05,Angry,50
1431,21:34:05,Neutral,20
1432,21:34:05,Angry,50
1433,21:34:05,Angry,50
1434,21:34:06,Angry,50
1435,21:34:06,Angry,50
1436,21:34:06,Angry,50
1437,21:34:06,Angry,50
1438,21:34:06,Angry,50
1439,21:34:06,Angry,50
1440,21:34:06,Angry,50
1441,21:34:06,Angry,50
1442,21:34:06,Angry,50
1443,21:34:06,Happy,41
1444,21:34:06,Neutral,20
1445,21:34:06,Happy,45
1446,21:34:06,Angry,50
1447,21:34:06,Angry,50
1448,21:34:06,Angry,50
1449,21:34:06,Neutral,20
1450,21:34:06,Neutral,20
1451,21:34:07,Angry,50
1452,21:34:07,Angry,50
1453,21:34:07,Angry,50
1454,21:34:07,Angry,50
1455,21:34:07,Angry,50
1456,21:34:07,Neutral,20
1457,21:34:07,Angry,50
1458,21:34:07,Angry,50
1459,21:34:07,Angry,50
1460,21:34:07,Angry,50
1461,21:34:07,Angry,50
1462,21:34:07,Angry,50
1463,21:34:07,Neutral,20
1464,21:34:07,Angry,50
1465,21:34:07,Angry,50
1466,21:34:08,Neutral,20
1467,21:34:08,Angry,50
1468,21:34:08,Angry,50
1469,21:34:08,Angry,50
1470,21:34:08,Neutral,20
1471,21:34:08,Neutral,20
1472,21:34:08,Neutral,20
1473,21:34:08,Happy,65
1474,21:34:08,Happy,62
1475,21:34:08,Neutral,20
1476,21:34:08,Neutral,20
1477,21:34:08,Neutral,20
1478,21:34:08,Angry,50
1479,21:34:08,Neutral,20
1480,21:34:08,Neutral,20
1481,21:34:08,Neutral,20
1482,21:34:09,Angry,50
1483,21:34:09,Angry,50
1484,21:34:09,Happy,42
1485,21:34:09,Neutral,20
1486,21:34:09,Neutral,20
1487,21:34:09,Happy,43
1488,21:34:09,Happy,44
1489,21:34:09,Neutral,20
1490,21:34:09,Neutral,20
1491,21:34:09,Neutral,20
1492,21:34:09,Neutral,20
1493,21:34:09,Happy,45
1494,21:34:09,Happy,42
1495,21:34:09,Neutral,20
1496,21:34:09,Neutral,20
1497,21:34:09,Neutral,20
1498,21:34:10,Happy,41
1499,21:34:10,Neutral,20
1500,21:34:10,Neutral,20
1501,21:34:10,Happy,42
1502,21:34:10,Neutral,20
1503,21:34:10,Neutral,20
1504,21:34:10,Happy,45
1505,21:34:10,Neutral,20
1506,21:34:10,Neutral,20
1507,21:34:10,Happy,41
1508,21:34:10,Neutral,20
1509,21:34:10,Neutral,20
1510,21:34:10,Neutral,20
1511,21:34:10,Neutral,20
1512,21:34:10,Happy,41
1513,21:34:10,Happy,43
1514,21:34:11,Neutral,20
1515,21:34:11,Neutral,20
1516,21:34:11,Neutral,20
1517,21:34:11,Happy,42
1518,21:34:11,Neutral,20
1519,21:34:11,Neutral,20
1520,21:34:11,Neutral,20
1521,21:34:11,Neutral,20
1522,21:34:11,Happy,43
1523,21:34:11,Neutral,20
1524,21:34:11,Neutral,20
1525,21:34:11,Neutral,20
1526,21:34:11,Neutral,20
1527,21:34:11,Neutral,20
1528,21:34:11,Neutral,20
1529,21:34:11,Happy,44
1530,21:34:12,Happy,42
1531,21:34:12,Neutral,20
1532,21:34:12,Neutral,20
1533,21:34:12,Neutral,20
1534,21:34:12,Happy,43
1535,21:34:12,Neutral,20
1536,21:34:12,Neutral,20
1537,21:34:12,Neutral,20
1538,21:34:12,Happy,45
1539,21:34:12,Neutral,20
1540,21:34:12,Angry,50
1541,21:34:12,Angry,50
1542,21:34:12,Angry,50
1543,21:34:12,Neutral,20
1544,21:34:12,Neutral,20
1545,21:34:12,Neutral,20
1546,21:34:13,Neutral,20
1547,21:34:13,Neutral,20
1548,21:34:13,Neutral,20
1549,21:34:13,Happy,42
1550,21:34:13,Neutral,20
1551,21:34:13,Neutral,20
1552,21:34:13,Neutral,20
1553,21:34:13,Neutral,20
1554,21:34:13,Happy,43
1555,21:34:13,Angry,50
1556,21:34:13,Angry,50
1557,21:34:13,Neutral,20
1558,21:34:13,Neutral,20
1559,21:34:13,Neutral,20
1560,21:34:13,Neutral,20
1561,21:34:13,Neutral,20
1562,21:34:14,Happy,43
1563,21:34:14,Neutral,20
1564,21:34:14,Neutral,20
1565,21:34:14,Neutral,20
1566,21:34:14,Neutral,20
1567,21:34:14,Happy,43
1568,21:34:14,Happy,43
1569,21:34:14,Neutral,20
1570,21:34:14,Neutral,20
1571,21:34:14,Neutral,20
1572,21:34:14,Neutral,20
1573,21:34:14,Neutral,20
1574,21:34:14,Neutral,20
1575,21:34:14,Neutral,20
1576,21:34:14,Neutral,20
1577,21:34:14,Neutral,20
1578,21:34:14,Neutral,20
1579,21:34:14,Neutral,20
1580,21:34:15,Neutral,20
1581,21:34:15,Neutral,20
1582,21:34:15,Neutral,20
1583,21:34:15,Neutral,20
1584,21:34:15,Neutral,20
1585,21:34:15,Neutral,20
1586,21:34:15,Happy,41
1587,21:34:15,Happy,42
1588,21:34:15,Neutral,20
1589,21:34:15,Neutral,20
1590,21:34:15,Neutral,20
1591,21:34:15,Neutral,20
1592,21:34:15,Neutral,20
1593,21:34:15,Neutral,20
1594,21:34:15,Neutral,20
1595,21:34:15,Neutral,20
1596,21:34:16,Neutral,20
1597,21:34:16,Neutral,20
1598,21:34:16,Neutral,20
1599,21:34:16,Neutral,20
1600,21:34:16,Neutral,20
1601,21:34:16,Neutral,20
1602,21:34:16,Neutral,20
1603,21:34:16,Neutral,20
1604,21:34:16,Neutral,20
1605,21:34:16,Neutral,20
1606,21:34:16,Neutral,20
1607,21:34:16,Neutral,20
1608,21:34:16,Angry,50
1609,21:34:16,Happy,63
1610,21:34:16,Neutral,20
1611,21:34:16,Happy,57
1612,21:34:17,Neutral,20
1613,21:34:17,Angry,50
1614,21:34:17,Happy,48
1615,21:34:17,Happy,59
1616,21:34:17,Neutral,20
1617,21:34:17,Happy,51
1618,21:34:17,Neutral,20
1619,21:34:17,Happy,41
1620,21:34:17,Happy,55
1621,21:34:17,Neutral,20
1622,21:34:17,Happy,46
1623,21:34:17,Neutral,20
1624,21:34:17,Happy,63
1625,21:34:17,Happy,49
1626,21:34:17,Happy,65
1627,21:34:17,Neutral,20
1628,21:34:18,Happy,52
1629,21:34:18,Neutral,20
1630,21:34:18,Happy,62
1631,21:34:18,Happy,42
1632,21:34:18,Happy,59
1633,21:34:18,Happy,51
1634,21:34:18,Happy,56
1635,21:34:18,Happy,56
1636,21:34:18,Neutral,20
1637,21:34:18,Neutral,20
1638,21:34:18,Happy,48
1639,21:34:18,Neutral,20
1640,21:34:18,Neutral,20
1641,21:34:18,Neutral,20
1642,21:34:18,Happy,42
1643,21:34:18,Happy,47
1644,21:34:19,Neutral,20
1645,21:34:19,Neutral,20
1646,21:34:19,Neutral,20
1647,21:34:19,Happy,51
1648,21:34:19,Happy,59
1649,21:34:19,Happy,62
1650,21:34:19,Happy,49
1651,21:34:19,Happy,64
1652,21:34:19,Happy,50
1653,21:34:19,Happy,65
1654,21:34:19,Happy,44
1655,21:34:19,Neutral,20
1656,21:34:19,Happy,49
1657,21:34:19,Happy,46
1658,21:34:19,Neutral,20
1659,21:34:19,Neutral,20
1660,21:34:20,Happy,50
1661,21:34:20,Happy,62
1662,21:34:20,Happy,52
1663,21:34:20,Happy,61
1664,21:34:20,Neutral,20
1665,21:34:20,Neutral,20
1666,21:34:20,Happy,41
1667,21:34:20,Neutral,20
1668,21:34:20,Happy,43
1669,21:34:20,Neutral,20
1670,21:34:20,Happy,64
1671,21:34:20,Happy,58
1672,21:34:20,Happy,48
1673,21:34:20,Neutral,20
1674,21:34:20,Happy,45
1675,21:34:21,Happy,41
1676,21:34:21,Neutral,20
1677,21:34:21,Happy,63
1678,21:34:21,Happy,55
1679,21:34:21,Happy,41
1680,21:34:21,Happy,59
1681,21:34:21,Neutral,20
1682,21:34:21,Happy,61
1683,21:34:21,Neutral,20
1684,21:34:21,Happy,64
1685,21:34:21,Happy,55
1686,21:34:21,Happy,54
1687,21:34:21,Neutral,20
1688,21:34:21,Neutral,20
1689,21:34:21,Happy,49
1690,21:34:21,Happy,44
1691,21:34:22,Neutral,20
1692,21:34:22,Neutral,20
1693,21:34:22,Neutral,20
1694,21:34:22,Neutral,20
1695,21:34:22,Neutral,20
1696,21:34:22,Neutral,20
1697,21:34:22,Happy,53
1698,21:34:22,Neutral,20
1699,21:34:22,Neutral,20
1700,21:34:22,Neutral,20
1701,21:34:22,Neutral,20
1702,21:34:22,Happy,60
1703,21:34:22,Neutral,20
1704,21:34:22,Neutral,20
1705,21:34:22,Neutral,20
1706,21:34:22,Happy,42
1707,21:34:23,Happy,57
1708,21:34:23,Happy,54
1709,21:34:23,Happy,50
1710,21:34:23,Neutral,20
1711,21:34:23,Neutral,20
1712,21:34:23,Neutral,20
1713,21:34:23,Happy,57
1714,21:34:23,Happy,44
1715,21:34:23,Angry,50
1716,21:34:23,Angry,50
1717,21:34:23,Happy,43
1718,21:34:23,Happy,45
1719,21:34:23,Neutral,20
1720,21:34:23,Neutral,20
1721,21:34:23,Happy,58
1722,21:34:23,Happy,63
1723,21:34:24,Neutral,20
1724,21:34:24,Neutral,20
1725,21:34:24,Happy,53
1726,21:34:24,Happy,43
1727,21:34:24,Neutral,20
1728,21:34:24,Neutral,20
1729,21:34:24,Happy,56
1730,21:34:24,Neutral,20
1731,21:34:24,Neutral,20
1732,21:34:24,Happy,42
1733,21:34:24,Neutral,20
1734,21:34:24,Happy,43
1735,21:34:24,Neutral,20
1736,21:34:24,Angry,50
1737,21:34:24,Neutral,20
1738,21:34:24,Happy,45
1739,21:34:25,Neutral,20
1740,21:34:25,Neutral,20
1741,21:34:25,Neutral,20
1742,21:34:25,Happy,45
1743,21:34:25,Happy,53
1744,21:34:25,Neutral,20
1745,21:34:25,Happy,44
1746,21:34:25,Happy,56
1747,21:34:25,Neutral,20
1748,21:34:25,Neutral,20
1749,21:34:25,Neutral,20
1750,21:34:25,Neutral,20
1751,21:34:25,Neutral,20
1752,21:34:25,Neutral,20
1753,21:34:25,Neutral,20
1754,21:34:25,Neutral,20
1755,21:34:25,Neutral,20
1756,21:34:26,Neutral,20
1757,21:34:26,Neutral,20
1758,21:34:26,Neutral,20
1759,21:34:26,Neutral,20
1760,21:34:26,Neutral,20
1761,21:34:26,Neutral,20
1762,21:34:26,Neutral,20
1763,21:34:26,Neutral,20
1764,21:34:26,Angry,50
1765,21:34:26,Neutral,20
1766,21:34:26,Neutral,20
1767,21:34:26,Neutral,20
1768,21:34:26,Neutral,20
1769,21:34:26,Neutral,20
1770,21:34:26,Neutral,20
1771,21:34:26,Neutral,20
1772,21:34:26,Neutral,20
1773,21:34:26,Neutral,20
1774,21:34:27,Neutral,20
1775,21:34:27,Neutral,20
1776,21:34:27,Neutral,20
1777,21:34:27,Neutral,20
1778,21:34:27,Neutral,20
1779,21:34:27,Neutral,20
1780,21:34:27,Neutral,20
1781,21:34:27,Neutral,20
1782,21:34:27,Neutral,20
1783,21:34:27,Neutral,20
1784,21:34:27,Neutral,20
1785,21:34:27,Neutral,20
1786,21:34:27,Neutral,20
1787,21:34:27,Neutral,20
1788,21:34:27,Neutral,20
1789,21:34:27,Neutral,20
1790,21:34:27,Neutral,20
1791,21:34:27,Neutral,20
1792,21:34:27,Neutral,20
1793,21:34:28,Neutral,20
1794,21:34:28,Neutral,20
1795,21:34:28,Neutral,20
1796,21:34:28,Neutral,20
1797,21:34:28,Neutral,20
1798,21:34:28,Neutral,20
1799,21:34:28,Neutral,20
1800,21:34:28,Neutral,20
1801,21:34:28,Neutral,20
1802,21:34:28,Neutral,20
1803,21:34:28,Neutral,20
1804,21:34:28,Neutral,20
1805,21:34:28,Neutral,20
1806,21:34:28,Neutral,20
1807,21:34:28,Neutral,20
1808,21:34:28,Neutral,20
1809,21:34:28,Neutral,20
1810,21:34:28,Neutral,20
1811,21:34:28,Neutral,20
1812,21:34:29,Neutral,20
1813,21:34:29,Neutral,20
1814,21:34:29,Neutral,20
1815,21:34:29,Neutral,20
1816,21:34:29,Neutral,20
1817,21:34:29,Neutral,20
1818,21:34:29,Neutral,20
1819,21:34:29,Neutral,20
1820,21:34:29,Neutral,20
1821,21:34:29,Neutral,20
1822,21:34:29,Neutral,20
1823,21:34:29,Neutral,20
1824,21:34:29,Neutral,20
1825,21:34:29,Neutral,20
1826,21:34:29,Neutral,20
1827,21:34:29,Neutral,20
1828,21:34:29,Neutral,20
1829,21:34:29,Neutral,20
1830,21:34:29,Neutral,20
1831,21:34:29,Neutral,20
1832,21:34:29,Neutral,20
1833,21:34:29,Neutral,20
1834,21:34:30,Neutral,20
1835,21:34:30,Neutral,20
1836,21:34:30,Neutral,20
1837,21:34:30,Neutral,20
1838,21:34:30,Neutral,20
1839,21:34:30,Neutral,20
1840,21:34:30,Neutral,20
1841,21:34:30,Neutral,20
1842,21:34:30,Neutral,20
1843,21:34:30,Neutral,20
1844,21:34:30,Neutral,20
1845,21:34:30,Neutral,20
1846,21:34:30,Neutral,20
1847,21:34:30,Neutral,20
1848,21:34:30,Neutral,20
1849,21:34:30,Neutral,20
1850,21:34:30,Neutral,20
1851,21:34:30,Neutral,20
1852,21:34:31,Neutral,20
1853,21:34:31,Neutral,20
1854,21:34:31,Neutral,20
1855,21:34:31,Neutral,20
1856,21:34:31,Neutral,20
1857,21:34:31,Neutral,20
1858,21:34:31,Neutral,20
1859,21:34:31,Neutral,20
1860,21:34:31,Neutral,20
1861,21:34:31,Neutral,20
1862,21:34:31,Neutral,20
1863,21:34:31,Neutral,20
1864,21:34:31,Neutral,20
1865,21:34:31,Neutral,20
1866,21:34:31,Neutral,20
1867,21:34:31,Neutral,20
1868,21:34:32,Neutral,20
1869,21:34:32,Neutral,20
1870,21:34:32,Neutral,20
1871,21:34:32,Neutral,20
1872,21:34:32,Neutral,20
1873,21:34:32,Neutral,20
1874,21:34:32,Neutral,20
1875,21:34:32,Neutral,20
1876,21:34:32,Neutral,20
1877,21:34:32,Neutral,20
1878,21:34:32,Neutral,20
1879,21:34:32,Neutral,20
1880,21:34:32,Neutral,20
1881,21:34:32,Neutral,20
1882,21:34:32,Neutral,20
1883,21:34:32,Neutral,20
1884,21:34:32,Neutral,20
1885,21:34:32,Neutral,20
1886,21:34:32,Neutral,20
1887,21:34:33,Neutral,20
1888,21:34:33,Neutral,20
1889,21:34:33,Neutral,20
1890,21:34:33,Neutral,20
1891,21:34:33,Neutral,20
1892,21:34:33,Neutral,20
1893,21:34:33,Neutral,20
1894,21:34:33,Neutral,20
1895,21:34:33,Neutral,20
1896,21:34:33,Neutral,20
1897,21:34:33,Neutral,20
1898,21:34:33,Neutral,20
1899,21:34:33,Neutral,20
1900,21:34:33,Neutral,20
1901,21:34:33,Neutral,20
1902,21:34:33,Neutral,20
1903,21:34:33,Neutral,20
1904,21:34:33,Neutral,20
1905,21:34:33,Neutral,20
1906,21:34:33,Neutral,20
1907,21:34:34,Neutral,20
1908,21:34:34,Neutral,20
1909,21:34:34,Neutral,20
1910,21:34:34,Neutral,20
1911,21:34:34,Neutral,20
1912,21:34:34,Neutral,20
1913,21:34:34,Neutral,20
1914,21:34:34,Neutral,20
1915,21:34:34,Neutral,20
1916,21:34:34,Neutral,20
1917,21:34:34,Neutral,20
1918,21:34:34,Neutral,20
1919,21:34:34,Neutral,20
1920,21:34:34,Neutral,20
1921,21:34:34,Neutral,20
1922,21:34:34,Neutral,20
1923,21:34:34,Neutral,20
1924,21:34:34,Neutral,20
1925,21:34:35,Neutral,20
1926,21:34:35,Neutral,20
1927,21:34:35,Neutral,20
1928,21:34:35,Neutral,20
1929,21:34:35,Neutral,20
1930,21:34:35,Neutral,20
1931,21:34:35,Neutral,20
1932,21:34:35,Neutral,20
1933,21:34:35,Neutral,20
1934,21:34:35,Neutral,20
1935,21:34:35,Neutral,20
1936,21:34:35,Neutral,20
1937,21:34:35,Neutral,20
1938,21:34:35,Neutral,20
1939,21:34:35,Neutral,20
1940,21:34:35,Neutral,20
1941,21:34:35,Neutral,20
1942,21:34:35,Neutral,20
1943,21:34:35,Neutral,20
1944,21:34:35,Neutral,20
1945,21:34:36,Neutral,20
1946,21:34:36,Neutral,20
1947,21:34:36,Neutral,20
1948,21:34:36,Neutral,20
1949,21:34:36,Neutral,20
1950,21:34:36,Neutral,20
1951,21:34:36,Neutral,20
1952,21:34:36,Neutral,20
1953,21:34:36,Neutral,20
1954,21:34:36,Neutral,20
1955,21:34:36,Neutral,20
1956,21:34:36,Neutral,20
1957,21:34:36,Neutral,20
1958,21:34:36,Neutral,20
1959,21:34:36,Neutral,20
1960,21:34:36,Neutral,20
1961,21:34:36,Neutral,20
1962,21:34:36,Neutral,20
1963,21:34:36,Neutral,20
1964,21:34:37,Neutral,20
1965,21:34:37,Neutral,20
1966,21:34:37,Neutral,20
1967,21:34:37,Neutral,20
1968,21:34:37,Neutral,20
1969,21:34:37,Neutral,20
1970,21:34:37,Neutral,20
1971,21:34:37,Neutral,20
1972,21:34:37,Neutral,20
1973,21:34:37,Neutral,20
1974,21:34:37,Neutral,20
1975,21:34:37,Neutral,20
1976,21:34:37,Neutral,20
1977,21:34:37,Neutral,20
1978,21:34:37,Neutral,20
1979,21:34:37,Neutral,20
1980,21:34:37,Neutral,20
1981,21:34:37,Neutral,20
1982,21:34:37,Neutral,20
1983,21:34:37,Neutral,20
1984,21:34:37,Neutral,20
1985,21:34:38,Neutral,20
1986,21:34:38,Neutral,20
1987,21:34:38,Neutral,20
1988,21:34:38,Neutral,20
1989,21:34:38,Neutral,20
1990,21:34:38,Neutral,20
1991,21:34:38,Neutral,20
1992,21:34:38,Neutral,20
1993,21:34:38,Neutral,20
1994,21:34:38,Neutral,20
1995,21:34:38,Neutral,20
1996,21:34:38,Neutral,20
1997,21:34:38,Neutral,20
1998,21:34:38,Neutral,20
1999,21:34:38,Neutral,20
2000,21:34:38,Neutral,20
2001,21:34:38,Neutral,20
2002,21:34:38,Neutral,20
2003,21:34:38,Neutral,20
2004,21:34:38,Neutral,20
2005,21:34:39,Neutral,20
2006,21:34:39,Neutral,20
2007,21:34:39,Neutral,20
2008,21:34:39,Neutral,20
2009,21:34:39,Neutral,20
2010,21:34:39,Neutral,20
2011,21:34:39,Neutral,20
2012,21:34:39,Neutral,20
2013,21:34:39,Neutral,20
2014,21:34:39,Neutral,20
2015,21:34:39,Neutral,20
2016,21:34:39,Neutral,20
2017,21:34:39,Neutral,20
2018,21:34:39,Neutral,20
2019,21:34:39,Neutral,20
2020,21:34:39,Neutral,20
2021,21:34:39,Neutral,20
2022,21:34:39,Neutral,20
2023,21:34:39,Neutral,20
2024,21:34:39,Neutral,20
2025,21:34:40,Neutral,20
2026,21:34:40,Neutral,20
2027,21:34:40,Neutral,20
2028,21:34:40,Neutral,20
2029,21:34:40,Neutral,20
2030,21:34:40,Neutral,20
2031,21:34:40,Neutral,20
2032,21:34:40,Neutral,20
2033,21:34:40,Neutral,20
2034,21:34:40,Neutral,20
2035,21:34:40,Neutral,20
2036,21:34:40,Neutral,20
2037,21:34:40,Neutral,20
2038,21:34:40,Neutral,20
2039,21:34:40,Neutral,20
2040,21:34:40,Neutral,20
2041,21:34:40,Neutral,20
2042,21:34:40,Neutral,20
2043,21:34:40,Neutral,20
2044,21:34:41,Neutral,20
2045,21:34:41,Neutral,20
2046,21:34:41,Neutral,20
2047,21:34:41,Neutral,20
2048,21:34:41,Neutral,20
2049,21:34:41,Neutral,20
2050,21:34:41,Neutral,20
2051,21:34:41,Neutral,20
2052,21:34:41,Neutral,20
2053,21:34:41,Neutral,20
2054,21:34:41,Neutral,20
2055,21:34:41,Neutral,20
2056,21:34:41,Neutral,20
2057,21:34:41,Neutral,20
2058,21:34:41,Neutral,20
2059,21:34:41,Neutral,20
2060,21:34:41,Neutral,20
2061,21:34:41,Neutral,20
2062,21:34:41,Neutral,20
2063,21:34:42,Neutral,20
2064,21:34:42,Neutral,20
2065,21:34:42,Neutral,20
2066,21:34:42,Neutral,20
2067,21:34:42,Neutral,20
2068,21:34:42,Neutral,20
2069,21:34:42,Neutral,20
2070,21:34:42,Neutral,20
2071,21:34:42,Neutral,20
2072,21:34:42,Neutral,20
2073,21:34:42,Neutral,20
2074,21:34:42,Neutral,20
2075,21:34:42,Neutral,20
2076,21:34:42,Neutral,20
2077,21:34:42,Neutral,20
2078,21:34:42,Neutral,20
2079,21:34:42,Neutral,20
2080,21:34:42,Neutral,20
2081,21:34:42,Neutral,20
2082,21:34:43,Neutral,20
2083,21:34:43,Neutral,20
2084,21:34:43,Neutral,20
2085,21:34:43,Neutral,20
2086,21:34:43,Neutral,20
2087,21:34:43,Neutral,20
2088,21:34:43,Neutral,20
2089,21:34:43,Neutral,20
2090,21:34:43,Neutral,20
2091,21:34:43,Neutral,20
2092,21:34:43,Neutral,20
2093,21:34:43,Neutral,20
2094,21:34:43,Neutral,20
2095,21:34:43,Neutral,20
2096,21:34:43,Neutral,20
2097,21:34:43,Neutral,20
2098,21:34:43,Neutral,20
2099,21:34:43,Neutral,20
2100,21:34:43,Neutral,20
2101,21:34:43,Neutral,20
2102,21:34:43,Neutral,20
2103,21:34:44,Neutral,20
2104,21:34:44,Neutral,20
2105,21:34:44,Neutral,20
2106,21:34:44,Neutral,20
2107,21:34:44,Neutral,20
2108,21:34:44,Neutral,20
2109,21:34:44,Neutral,20
2110,21:34:44,Neutral,20
2111,21:34:44,Neutral,20
2112,21:34:44,Neutral,20
2113,21:34:44,Neutral,20
2114,21:34:44,Neutral,20
2115,21:34:44,Neutral,20
2116,21:34:44,Neutral,20
2117,21:34:44,Neutral,20
2118,21:34:44,Neutral,20
2119,21:34:44,Neutral,20
2120,21:34:44,Neutral,20
2121,21:34:44,Neutral,20
2122,21:34:45,Neutral,20
2123,21:34:45,Neutral,20
2124,21:34:45,Neutral,20
2125,21:34:45,Neutral,20
2126,21:34:45,Neutral,20
2127,21:34:45,Neutral,20
2128,21:34:45,Neutral,20
2129,21:34:45,Neutral,20
2130,21:34:45,Neutral,20
2131,21:34:45,Neutral,20
2132,21:34:45,Neutral,20
2133,21:34:45,Neutral,20
2134,21:34:45,Neutral,20
2135,21:34:45,Neutral,20
2136,21:34:45,Neutral,20
2137,21:34:45,Neutral,20
2138,21:34:45,Neutral,20
2139,21:34:46,Neutral,20
2140,21:34:46,Neutral,20
2141,21:34:46,Neutral,20
2142,21:34:46,Neutral,20
2143,21:34:46,Neutral,20
2144,21:34:46,Neutral,20
2145,21:34:46,Neutral,20
2146,21:34:46,Neutral,20
2147,21:34:46,Neutral,20
2148,21:34:46,Neutral,20
2149,21:34:46,Neutral,20
2150,21:34:46,Neutral,20
2151,21:34:46,Neutral,20
2152,21:34:46,Neutral,20
2153,21:34:46,Neutral,20
2154,21:34:46,Neutral,20
2155,21:34:46,Neutral,20
2156,21:34:46,Neutral,20
2157,21:34:46,Neutral,20
2158,21:34:47,Neutral,20
2159,21:34:47,Neutral,20
2160,21:34:47,Neutral,20
2161,21:34:47,Neutral,20
2162,21:34:47,Neutral,20
2163,21:34:47,Neutral,20
2164,21:34:47,Neutral,20
2165,21:34:47,Neutral,20
2166,21:34:47,Neutral,20
2167,21:34:47,Neutral,20
2168,21:34:47,Neutral,20
2169,21:34:47,Neutral,20
2170,21:34:47,Neutral,20
2171,21:34:47,Neutral,20
2172,21:34:47,Neutral,20
2173,21:34:47,Neutral,20
2174,21:34:47,Neutral,20
2175,21:34:47,Neutral,20
2176,21:34:47,Neutral,20
2177,21:34:47,Neutral,20
2178,21:34:47,Neutral,20
2179,21:34:47,Neutral,20
2180,21:34:48,Neutral,20
2181,21:34:48,Neutral,20
2182,21:34:48,Neutral,20
2183,21:34:48,Neutral,20
2184,21:34:48,Neutral,20
2185,21:34:48,Neutral,20
2186,21:34:48,Neutral,20
2187,21:34:48,Neutral,20
2188,21:34:48,Neutral,20
2189,21:34:48,Neutral,20
2190,21:34:48,Neutral,20
2191,21:34:48,Neutral,20
2192,21:34:48,Neutral,20
2193,21:34:48,Neutral,20
2194,21:34:48,Neutral,20
2195,21:34:48,Neutral,20
2196,21:34:48,Neutral,20
2197,21:34:48,Neutral,20
2198,21:34:48,Neutral,20
2199,21:34:49,Neutral,20
2200,21:34:49,Neutral,20
2201,21:34:49,Neutral,20
2202,21:34:49,Neutral,20
2203,21:34:49,Neutral,20
2204,21:34:49,Neutral,20
2205,21:34:49,Neutral,20
2206,21:34:49,Neutral,20
2207,21:34:49,Neutral,20
2208,21:34:49,Neutral,20
2209,21:34:49,Neutral,20
2210,21:34:49,Neutral,20
2211,21:34:49,Neutral,20
2212,21:34:49,Neutral,20
2213,21:34:49,Neutral,20
2214,21:34:49,Neutral,20
2215,21:34:49,Neutral,20
2216,21:34:49,Neutral,20
2217,21:34:50,Neutral,20
2218,21:34:50,Neutral,20
2219,21:34:50,Neutral,20
2220,21:34:50,Neutral,20
2221,21:34:50,Neutral,20
2222,21:34:50,Neutral,20
2223,21:34:50,Neutral,20
2224,21:34:50,Neutral,20
2225,21:34:50,Neutral,20
2226,21:34:50,Neutral,20
2227,21:34:50,Neutral,20
2228,21:34:50,Neutral,20
2229,21:34:50,Neutral,20
2230,21:34:50,Neutral,20
2231,21:34:50,Neutral,20
2232,21:34:50,Neutral,20
2233,21:34:50,Neutral,20
2234,21:34:50,Neutral,20
2235,21:34:50,Neutral,20
2236,21:34:51,Neutral,20
2237,21:34:51,Neutral,20
2238,21:34:51,Neutral,20
2239,21:34:51,Neutral,20
2240,21:34:51,Neutral,20
2241,21:34:51,Neutral,20
2242,21:34:51,Neutral,20
2243,21:34:51,Neutral,20
2244,21:34:51,Neutral,20
2245,21:34:51,Neutral,20
2246,21:34:51,Neutral,20
2247,21:34:51,Neutral,20
2248,21:34:51,Neutral,20
2249,21:34:51,Neutral,20
2250,21:34:51,Neutral,20
2251,21:34:51,Neutral,20
2252,21:34:51,Neutral,20
2253,21:34:51,Neutral,20
2254,21:34:52,Neutral,20
2255,21:34:52,Neutral,20
2256,21:34:52,Neutral,20
2257,21:34:52,Neutral,20
2258,21:34:52,Neutral,20
2259,21:34:52,Neutral,20
2260,21:34:52,Neutral,20
2261,21:34:52,Neutral,20
2262,21:34:52,Neutral,20
2263,21:34:52,Neutral,20
2264,21:34:52,Neutral,20
2265,21:34:52,Neutral,20
2266,21:34:52,Neutral,20
2267,21:34:52,Neutral,20
2268,21:34:52,Neutral,20
2269,21:34:52,Neutral,20
2270,21:34:52,Neutral,20
2271,21:34:52,Neutral,20
2272,21:34:52,Neutral,20
2273,21:34:52,Neutral,20
2274,21:34:53,Neutral,20
2275,21:34:53,Neutral,20
2276,21:34:53,Neutral,20
2277,21:34:53,Neutral,20
2278,21:34:53,Neutral,20
2279,21:34:53,Neutral,20
2280,21:34:53,Neutral,20
2281,21:34:53,Neutral,20
2282,21:34:53,Neutral,20
2283,21:34:53,Neutral,20
2284,21:34:53,Neutral,20
2285,21:34:53,Neutral,20
2286,21:34:53,Neutral,20
2287,21:34:53,Neutral,20
2288,21:34:53,Neutral,20
2289,21:34:53,Neutral,20
2290,21:34:53,Neutral,20
2291,21:34:53,Neutral,20
2292,21:34:53,Neutral,20
2293,21:34:54,Neutral,20
2294,21:34:54,Neutral,20
2295,21:34:54,Neutral,20
2296,21:34:54,Neutral,20
2297,21:34:54,Neutral,20
2298,21:34:54,Neutral,20
2299,21:34:54,Neutral,20
2300,21:34:54,Neutral,20
2301,21:34:54,Neutral,20
2302,21:34:54,Neutral,20
2303,21:34:54,Neutral,20
2304,21:34:54,Neutral,20
2305,21:34:54,Neutral,20
2306,21:34:54,Neutral,20
2307,21:34:54,Neutral,20
2308,21:34:54,Neutral,20
2309,21:34:54,Neutral,20
2310,21:34:54,Neutral,20
2311,21:34:54,Neutral,20
2312,21:34:54,Neutral,20
2313,21:34:54,Neutral,20
2314,21:34:54,Neutral,20
2315,21:34:55,Neutral,20
2316,21:34:55,Neutral,20
2317,21:34:55,Neutral,20
2318,21:34:55,Neutral,20
2319,21:34:55,Neutral,20
2320,21:34:55,Neutral,20
2321,21:34:55,Neutral,20
2322,21:34:55,Neutral,20
2323,21:34:55,Neutral,20
2324,21:34:55,Neutral,20
2325,21:34:55,Neutral,20
2326,21:34:55,Neutral,20
2327,21:34:55,Neutral,20
2328,21:34:55,Neutral,20
2329,21:34:55,Neutral,20
2330,21:34:55,Neutral,20
2331,21:34:55,Neutral,20
2332,21:34:55,Neutral,20
2333,21:34:55,Neutral,20
2334,21:34:56,Neutral,20
2335,21:34:56,Neutral,20
2336,21:34:56,Neutral,20
2337,21:34:56,Neutral,20
2338,21:34:56,Neutral,20
2339,21:34:56,Neutral,20
2340,21:34:56,Neutral,20
2341,21:34:56,Neutral,20
2342,21:34:56,Neutral,20
2343,21:34:56,Neutral,20
2344,21:34:56,Neutral,20
2345,21:34:56,Neutral,20
2346,21:34:56,Neutral,20
2347,21:34:56,Neutral,20
2348,21:34:56,Neutral,20
2349,21:34:56,Neutral,20
2350,21:34:56,Neutral,20
2351,21:34:56,Neutral,20
2352,21:34:57,Neutral,20
2353,21:34:57,Neutral,20
2354,21:34:57,Neutral,20
2355,21:34:57,Neutral,20
2356,21:34:57,Neutral,20
2357,21:34:57,Neutral,20
2358,21:34:57,Neutral,20
2359,21:34:57,Neutral,20
2360,21:34:57,Neutral,20
2361,21:34:57,Neutral,20
2362,21:34:57,Neutral,20
2363,21:34:57,Neutral,20
2364,21:34:57,Neutral,20
2365,21:34:57,Neutral,20
2366,21:34:57,Neutral,20
2367,21:34:57,Neutral,20
2368,21:34:57,Neutral,20
2369,21:34:57,Neutral,20
2370,21:34:57,Neutral,20
2371,21:34:58,Neutral,20
2372,21:34:58,Neutral,20
2373,21:34:58,Neutral,20
2374,21:34:58,Neutral,20
2375,21:34:58,Neutral,20
2376,21:34:58,Neutral,20
2377,21:34:58,Neutral,20
2378,21:34:58,Neutral,20
2379,21:34:58,Neutral,20
2380,21:34:58,Neutral,20
2381,21:34:58,Neutral,20
2382,21:34:58,Neutral,20
2383,21:34:58,Neutral,20
2384,21:34:58,Neutral,20
2385,21:34:58,Neutral,20
2386,21:34:58,Neutral,20
2387,21:34:58,Neutral,20
2388,21:34:58,Neutral,20
2389,21:34:58,Neutral,20
2390,21:34:59,Neutral,20
2391,21:34:59,Neutral,20
2392,21:34:59,Neutral,20
2393,21:34:59,Neutral,20
2394,21:34:59,Neutral,20
2395,21:34:59,Neutral,20
2396,21:34:59,Neutral,20
2397,21:34:59,Neutral,20
2398,21:34:59,Neutral,20
2399,21:34:59,Neutral,20
2400,21:34:59,Neutral,20
2401,21:34:59,Neutral,20
2402,21:34:59,Neutral,20
2403,21:34:59,Neutral,20
2404,21:34:59,Neutral,20
2405,21:34:59,Neutral,20
2406,21:34:59,Neutral,20
2407,21:34:59,Neutral,20
2408,21:34:59,Neutral,20
2409,21:35:00,Neutral,20
2410,21:35:00,Neutral,20
2411,21:35:00,Neutral,20
2412,21:35:00,Neutral,20
2413,21:35:00,Neutral,20
2414,21:35:00,Neutral,20
2415,21:35:00,Neutral,20
2416,21:35:00,Neutral,20
2417,21:35:00,Neutral,20
2418,21:35:00,Neutral,20
2419,21:35:00,Neutral,20
2420,21:35:00,Neutral,20
2421,21:35:00,Neutral,20
2422,21:35:00,Neutral,20
2423,21:35:00,Neutral,20
2424,21:35:00,Neutral,20
2425,21:35:00,Neutral,20
2426,21:35:00,Neutral,20
2427,21:35:00,Neutral,20
2428,21:35:00,Neutral,20
2429,21:35:01,Neutral,20
2430,21:35:01,Neutral,20
2431,21:35:01,Neutral,20
2432,21:35:01,Neutral,20
2433,21:35:01,Neutral,20
2434,21:35:01,Neutral,20
2435,21:35:01,Neutral,20
2436,21:35:01,Neutral,20
2437,21:35:01,Neutral,20
2438,21:35:01,Neutral,20
2439,21:35:01,Neutral,20
2440,21:35:01,Neutral,20
2441,21:35:01,Neutral,20
2442,21:35:01,Angry,50
2443,21:35:01,Angry,50
2444,21:35:01,Neutral,20
2445,21:35:01,Neutral,20
2446,21:35:01,Neutral,20
2447,21:35:01,Neutral,20
2448,21:35:02,Neutral,20
2449,21:35:02,Neutral,20
2450,21:35:02,Neutral,20
2451,21:35:02,Neutral,20
2452,21:35:02,Neutral,20
2453,21:35:02,Neutral,20
2454,21:35:02,Neutral,20
2455,21:35:02,Neutral,20
2456,21:35:02,Neutral,20
2457,21:35:02,Neutral,20
2458,21:35:02,Happy,42
2459,21:35:02,Happy,45
2460,21:35:02,Neutral,20
2461,21:35:02,Neutral,20
2462,21:35:02,Neutral,20
2463,21:35:02,Happy,45
2464,21:35:03,Happy,42
2465,21:35:03,Neutral,20
2466,21:35:03,Neutral,20
2467,21:35:03,Happy,43
2468,21:35:03,Neutral,20
2469,21:35:03,Neutral,20
2470,21:35:03,Neutral,20
2471,21:35:03,Neutral,20
2472,21:35:03,Neutral,20
2473,21:35:03,Neutral,20
2474,21:35:03,Neutral,20
2475,21:35:03,Neutral,20
2476,21:35:03,Neutral,20
2477,21:35:03,Neutral,20
2478,21:35:03,Neutral,20
2479,21:35:03,Neutral,20
2480,21:35:04,Neutral,20
2481,21:35:04,Neutral,20
2482,21:35:04,Happy,44
2483,21:35:04,Happy,43
2484,21:35:04,Neutral,20
2485,21:35:04,Neutral,20
2486,21:35:04,Neutral,20
2487,21:35:04,Happy,41
2488,21:35:04,Happy,41
2489,21:35:04,Neutral,20
2490,21:35:04,Neutral,20
2491,21:35:04,Happy,44
2492,21:35:04,Neutral,20
2493,21:35:04,Happy,41
2494,21:35:04,Happy,42
2495,21:35:04,Neutral,20
2496,21:35:05,Happy,44
2497,21:35:05,Neutral,20
2498,21:35:05,Happy,42
2499,21:35:05,Neutral,20
2500,21:35:05,Neutral,20
2501,21:35:05,Happy,41
2502,21:35:05,Neutral,20
2503,21:35:05,Neutral,20
2504,21:35:05,Neutral,20
2505,21:35:05,Neutral,20
2506,21:35:05,Neutral,20
2507,21:35:05,Neutral,20
2508,21:35:05,Neutral,20
2509,21:35:05,Neutral,20
2510,21:35:05,Neutral,20
2511,21:35:05,Neutral,20
2512,21:35:06,Neutral,20
2513,21:35:06,Neutral,20
2514,21:35:06,Neutral,20
2515,21:35:06,Neutral,20
2516,21:35:06,Neutral,20
2517,21:35:06,Happy,44
2518,21:35:06,Neutral,20
2519,21:35:06,Happy,41
2520,21:35:06,Neutral,20
2521,21:35:06,Happy,41
2522,21:35:06,Happy,45
2523,21:35:06,Neutral,20
2524,21:35:06,Neutral,20
2525,21:35:06,Happy,41
2526,21:35:06,Neutral,20
2527,21:35:06,Neutral,20
2528,21:35:06,Neutral,20
2529,21:35:07,Neutral,20
2530,21:35:07,Neutral,20
2531,21:35:07,Neutral,20
2532,21:35:07,Neutral,20
2533,21:35:07,Neutral,20
2534,21:35:07,Neutral,20
2535,21:35:07,Happy,44
2536,21:35:07,Neutral,20
2537,21:35:07,Happy,44
2538,21:35:07,Neutral,20
2539,21:35:07,Happy,44
2540,21:35:07,Neutral,20
2541,21:35:07,Happy,44
2542,21:35:07,Neutral,20
2543,21:35:07,Neutral,20
2544,21:35:07,Happy,42
2545,21:35:07,Neutral,20
2546,21:35:07,Happy,42
2547,21:35:08,Neutral,20
2548,21:35:08,Neutral,20
2549,21:35:08,Neutral,20
2550,21:35:08,Neutral,20
2551,21:35:08,Happy,41
2552,21:35:08,Neutral,20
2553,21:35:08,Neutral,20
2554,21:35:08,Happy,41
2555,21:35:08,Happy,44
2556,21:35:08,Happy,44
2557,21:35:08,Neutral,20
2558,21:35:08,Happy,42
2559,21:35:08,Neutral,20
2560,21:35:08,Neutral,20
2561,21:35:08,Neutral,20
2562,21:35:08,Neutral,20
2563,21:35:08,Happy,44
2564,21:35:08,Neutral,20
2565,21:35:08,Happy,41
2566,21:35:08,Neutral,20
